species;scenario;rbf;svm;mda;consensus;wmean_auc;wmean_tss
clssm_mcrp;current;0.025;0;0;0.008333333333333333;0.007309583333333334;0.005660416666666667
clssm_mcrp;current;0.025;0;0;0.008333333333333333;0.007309583333333334;0.005660416666666667
clssm_mcrp;current;0.1;0;0;0.03333333333333333;0.029238333333333335;0.022641666666666668
clssm_mcrp;current;0.05;0;0;0.016666666666666666;0.014619166666666667;0.011320833333333334
clssm_mcrp;current;0.025;0;0;0.008333333333333333;0.007309583333333334;0.005660416666666667
clssm_mcrp;current;0;0;0;0;0;0
clssm_mcrp;current;0.075;0;0;0.024999999999999998;0.021928749999999997;0.01698125
clssm_mcrp;current;0.1;0;0;0.03333333333333333;0.029238333333333335;0.022641666666666668
clssm_mcrp;current;0.025;0;0;0.008333333333333333;0.007309583333333334;0.005660416666666667
clssm_mcrp;current;0.025;0;0;0.008333333333333333;0.007309583333333334;0.005660416666666667
clssm_mcrp;current;0.025;0;0;0.008333333333333333;0.007309583333333334;0.005660416666666667
clssm_mcrp;current;0;0;0;0;0;0
clssm_mcrp;current;0;0;0;0;0;0
clssm_mcrp;current;0;0;0;0;0;0
clssm_mcrp;current;0.1;0;0;0.03333333333333333;0.029238333333333335;0.022641666666666668
clssm_mcrp;current;0.1;0;0;0.03333333333333333;0.029238333333333335;0.022641666666666668
clssm_mcrp;current;0;0;0;0;0;0
clssm_mcrp;current;0.025;0;0;0.008333333333333333;0.007309583333333334;0.005660416666666667
clssm_mcrp;current;0.025;0;0;0.008333333333333333;0.007309583333333334;0.005660416666666667
clssm_mcrp;current;0.025;0;0.025;0.016666666666666666;0.014327708333333333;0.01085
clssm_mcrp;current;0.3;0.175;0.65;0.375;0.32150791666666667;0.242729375
clssm_mcrp;current;0.175;0;0.05;0.075;0.06520333333333332;0.050002083333333336
clssm_mcrp;current;0.2;0;0;0.06666666666666667;0.05847666666666667;0.045283333333333335
clssm_mcrp;current;0.225;0;0;0.075;0.06578625;0.05094375
clssm_mcrp;current;0;0;0;0;0;0
clssm_mcrp;current;0.025;0;0;0.008333333333333333;0.007309583333333334;0.005660416666666667
clssm_mcrp;current;0.025;0;0;0.008333333333333333;0.007309583333333334;0.005660416666666667
clssm_mcrp;current;0.275;0.225;0.825;0.44166666666666665;0.3779885416666667;0.28478895833333334
clssm_mcrp;current;0.5;0.45;0.95;0.6333333333333333;0.5448504166666667;0.41294875
clssm_mcrp;current;0.95;0.125;0.45;0.5083333333333333;0.44074875;0.33699062500000004
clssm_mcrp;current;0.15;0;0;0.049999999999999996;0.043857499999999994;0.0339625
clssm_mcrp;current;0;0;0;0;0;0
clssm_mcrp;current;0;0;0;0;0;0
clssm_mcrp;current;0.25;0;0.075;0.10833333333333334;0.09415020833333333;0.07217291666666667
clssm_mcrp;current;0;0;0;0;0;0
clssm_mcrp;current;0.025;0;0;0.008333333333333333;0.007309583333333334;0.005660416666666667
clssm_mcrp;current;0.05;0.15;0;0.06666666666666667;0.058609166666666664;0.045499583333333336
clssm_mcrp;current;0.45;0;0.225;0.225;0.194735625;0.14859375
clssm_mcrp;current;0.55;0;0.525;0.3583333333333334;0.30819145833333333;0.2335104166666667
clssm_mcrp;current;0.975;0.725;1;0.9;0.7784170833333333;0.593536875
clssm_mcrp;current;0.925;0.1;0.35;0.4583333333333333;0.39803499999999997;0.3048754166666667
clssm_mcrp;current;0.025;0;0;0.008333333333333333;0.007309583333333334;0.005660416666666667
clssm_mcrp;current;0.025;0;0;0.008333333333333333;0.007309583333333334;0.005660416666666667
clssm_mcrp;current;0.05;0;0;0.016666666666666666;0.014619166666666667;0.011320833333333334
clssm_mcrp;current;0.375;0;0.15;0.17500000000000002;0.15175249999999998;0.11604375
clssm_mcrp;current;0;0;0;0;0;0
clssm_mcrp;current;0;0;0;0;0;0
clssm_mcrp;current;0;0;0;0;0;0
clssm_mcrp;current;0;0;0;0;0;0
clssm_mcrp;current;0.025;0;0;0.008333333333333333;0.007309583333333334;0.005660416666666667
clssm_mcrp;current;0.2;0.25;0.125;0.19166666666666665;0.16688395833333333;0.12819583333333331
clssm_mcrp;current;0.1;0;0.1;0.06666666666666667;0.05731083333333333;0.0434
clssm_mcrp;current;0.875;0;0.4;0.425;0.3681254166666667;0.28114791666666666
clssm_mcrp;current;0.975;0.925;0.95;0.9499999999999998;0.8230341666666666;0.6287293749999999
clssm_mcrp;current;0.95;0.95;0.675;0.8583333333333334;0.745856875;0.57168
clssm_mcrp;current;0.025;0.025;0;0.016666666666666666;0.01464125;0.011356875
clssm_mcrp;current;0.025;0.025;0.025;0.025000000000000005;0.021659374999999998;0.016546458333333333
clssm_mcrp;current;0.025;0;0.075;0.03333333333333333;0.02836395833333333;0.021229166666666664
clssm_mcrp;current;0.1;0;0.275;0.125;0.10643770833333334;0.07972708333333334
clssm_mcrp;current;0.025;0;0;0.008333333333333333;0.007309583333333334;0.005660416666666667
clssm_mcrp;current;0.025;0.05;0.325;0.13333333333333333;0.11320854166666668;0.08451791666666668
clssm_mcrp;current;0.025;0;0.05;0.025000000000000005;0.02134583333333333;0.016039583333333333
clssm_mcrp;current;0.025;0;0;0.008333333333333333;0.007309583333333334;0.005660416666666667
clssm_mcrp;current;0;0;0;0;0;0
clssm_mcrp;current;0;0;0;0;0;0
clssm_mcrp;current;0;0;0;0;0;0
clssm_mcrp;current;0;0;0;0;0;0
clssm_mcrp;current;0.025;0;0;0.008333333333333333;0.007309583333333334;0.005660416666666667
clssm_mcrp;current;0;0;0;0;0;0
clssm_mcrp;current;0.025;0;0.075;0.03333333333333333;0.02836395833333333;0.021229166666666664
clssm_mcrp;current;0.8;0.075;0.4;0.425;0.3681916666666667;0.2812560416666667
clssm_mcrp;current;0.825;0.1;0.4;0.44166666666666665;0.38283291666666663;0.2926129166666666
clssm_mcrp;current;0.975;0.975;0.95;0.9666666666666667;0.8376975;0.6401222916666667
clssm_mcrp;current;0.95;0.975;0.85;0.9249999999999999;0.8023154166666667;0.6137035416666667
clssm_mcrp;current;0.925;0.975;0.85;0.9166666666666666;0.7950058333333333;0.608043125
clssm_mcrp;current;0.425;0.725;0.4;0.5166666666666666;0.44917124999999997;0.34445770833333333
clssm_mcrp;current;0.975;0.975;0.925;0.9583333333333334;0.830679375;0.6349327083333334
clssm_mcrp;current;0.7;0.55;0.85;0.7000000000000001;0.60458125;0.4602595833333334
clssm_mcrp;current;0.025;0;0.075;0.03333333333333333;0.02836395833333333;0.021229166666666664
clssm_mcrp;current;0.025;0;0;0.008333333333333333;0.007309583333333334;0.005660416666666667
clssm_mcrp;current;0;0;0;0;0;0
clssm_mcrp;current;0.025;0;0.025;0.016666666666666666;0.014327708333333333;0.01085
clssm_mcrp;current;0.2;0.075;0.4;0.225;0.19276166666666664;0.14540604166666668
clssm_mcrp;current;0.075;0;0.125;0.06666666666666667;0.057019375000000004;0.042929166666666664
clssm_mcrp;current;0.05;0;0.025;0.025000000000000005;0.02163729166666667;0.016510416666666666
clssm_mcrp;current;0.025;0;0;0.008333333333333333;0.007309583333333334;0.005660416666666667
clssm_mcrp;current;0;0;0;0;0;0
clssm_mcrp;current;0;0;0;0;0;0
clssm_mcrp;current;0;0;0;0;0;0
clssm_mcrp;current;0;0;0;0;0;0
clssm_mcrp;current;0.025;0.025;0.425;0.15833333333333333;0.133949375;0.09957979166666668
clssm_mcrp;current;0.5;0.05;0.975;0.5083333333333333;0.434561875;0.326995
clssm_mcrp;current;0.175;0;0.675;0.2833333333333334;0.24065645833333335;0.1797416666666667
clssm_mcrp;current;0.95;0.925;0.95;0.9416666666666668;0.8157245833333334;0.6230689583333334
clssm_mcrp;current;0.95;0.925;0.85;0.9083333333333333;0.7876520833333335;0.602310625
clssm_mcrp;current;0.25;0.55;0.65;0.4833333333333334;0.41686375000000003;0.31685541666666667
clssm_mcrp;current;0.975;1;0.975;0.9833333333333334;0.8520472916666666;0.6510083333333333
clssm_mcrp;current;0.975;1;0.975;0.9833333333333334;0.8520472916666666;0.6510083333333333
clssm_mcrp;current;0.9;1;0.975;0.9583333333333334;0.8301185416666667;0.6340270833333334
clssm_mcrp;current;0.575;0.925;0.925;0.8083333333333332;0.6990627083333334;0.5329731249999999
clssm_mcrp;current;0;0;0.15;0.049999999999999996;0.04210875;0.0311375
clssm_mcrp;current;0.475;0.45;0.225;0.38333333333333336;0.33401520833333337;0.25679041666666674
clssm_mcrp;current;0.6;0.55;0.125;0.425;0.37181729166666666;0.28712000000000004
clssm_mcrp;current;0.025;0;0;0.008333333333333333;0.007309583333333334;0.005660416666666667
clssm_mcrp;current;0.5;0.05;0.125;0.225;0.195945625;0.15054916666666665
clssm_mcrp;current;0.6;0.525;0.275;0.4666666666666666;0.406594375;0.3125610416666667
clssm_mcrp;current;0.025;0;0;0.008333333333333333;0.007309583333333334;0.005660416666666667
clssm_mcrp;current;0.275;0.425;0.075;0.2583333333333333;0.226098125;0.17467312499999998
clssm_mcrp;current;0.025;0.025;0;0.016666666666666666;0.01464125;0.011356875
clssm_mcrp;current;0;0;0;0;0;0
clssm_mcrp;current;0;0;0;0;0;0
clssm_mcrp;current;0.025;0;0;0.008333333333333333;0.007309583333333334;0.005660416666666667
clssm_mcrp;current;0.05;0;0;0.016666666666666666;0.014619166666666667;0.011320833333333334
clssm_mcrp;current;0;0;0;0;0;0
clssm_mcrp;current;0.875;0.8;1;0.8916666666666666;0.77117375;0.5879845833333334
clssm_mcrp;current;0.95;0.875;1;0.9416666666666668;0.8150974999999999;0.6220552083333333
clssm_mcrp;current;0.975;1;0.975;0.9833333333333334;0.8520472916666666;0.6510083333333333
clssm_mcrp;current;0.95;0.975;0.9;0.9416666666666665;0.8163516666666668;0.6240827083333335
clssm_mcrp;current;0.975;1;0.975;0.9833333333333334;0.8520472916666666;0.6510083333333333
clssm_mcrp;current;0.925;0.95;0.975;0.9500000000000001;0.8227647916666666;0.6282945833333334
clssm_mcrp;current;0.9;1;1;0.9666666666666667;0.8371366666666668;0.6392166666666667
clssm_mcrp;current;0.975;1;1;0.9916666666666667;0.8590654166666667;0.6561979166666667
clssm_mcrp;current;0.3;0.575;0.85;0.5750000000000001;0.49495958333333334;0.37538937499999997
clssm_mcrp;current;0;0;0.025;0.008333333333333333;0.007018125;0.005189583333333333
clssm_mcrp;current;0;0;0.025;0.008333333333333333;0.007018125;0.005189583333333333
clssm_mcrp;current;0;0;0;0;0;0
clssm_mcrp;current;0.625;0.65;0.1;0.4583333333333333;0.40143541666666666;0.3103766666666667
clssm_mcrp;current;0.6;0.325;0.05;0.325;0.2847779166666667;0.22028312500000002
clssm_mcrp;current;0.05;0;0;0.016666666666666666;0.014619166666666667;0.011320833333333334
clssm_mcrp;current;0.25;0.275;0.05;0.19166666666666668;0.16778041666666668;0.129644375
clssm_mcrp;current;0.275;0.425;0.025;0.24166666666666667;0.21206187499999998;0.16429395833333335
clssm_mcrp;current;0.65;0.975;0.15;0.5916666666666667;0.5180929166666667;0.40047020833333336
clssm_mcrp;current;0.025;0.025;0.025;0.025000000000000005;0.021659374999999998;0.016546458333333333
clssm_mcrp;current;0;0;0;0;0;0
clssm_mcrp;current;0;0;0;0;0;0
clssm_mcrp;current;0.525;0;0.125;0.21666666666666667;0.188591875;0.14481666666666668
clssm_mcrp;current;0.8;0.3;0.425;0.5083333333333334;0.4411947916666667;0.33771375
clssm_mcrp;current;0.05;0;0.1;0.05000000000000001;0.04269166666666666;0.032079166666666666
clssm_mcrp;current;0.425;0.05;0.625;0.3666666666666667;0.31437937499999996;0.23735958333333332
clssm_mcrp;current;0.075;0.1;0.25;0.14166666666666666;0.12143666666666668;0.09166291666666666
clssm_mcrp;current;0.925;0.975;0.925;0.9416666666666668;0.8160602083333334;0.623611875
clssm_mcrp;current;0.975;1;1;0.9916666666666667;0.8590654166666667;0.6561979166666667
clssm_mcrp;current;0.95;1;1;0.9833333333333334;0.8517558333333334;0.6505375
clssm_mcrp;current;0.975;1;1;0.9916666666666667;0.8590654166666667;0.6561979166666667
clssm_mcrp;current;0.9;0.975;0.975;0.9500000000000001;0.8227868749999999;0.628330625
clssm_mcrp;current;0.025;0;0.325;0.11666666666666668;0.09854520833333334;0.07312500000000001
clssm_mcrp;current;0;0;0.025;0.008333333333333333;0.007018125;0.005189583333333333
clssm_mcrp;current;0.15;0.075;0.05;0.09166666666666666;0.07988875;0.06143104166666668
clssm_mcrp;current;0.175;0.125;0.05;0.11666666666666665;0.10186166666666667;0.07848437500000001
clssm_mcrp;current;0;0;0.025;0.008333333333333333;0.007018125;0.005189583333333333
clssm_mcrp;current;0.825;0.975;0.125;0.6416666666666666;0.562241875;0.43490354166666667
clssm_mcrp;current;0.725;0.875;0.075;0.5583333333333333;0.489640625;0.37909687499999994
clssm_mcrp;current;0;0;0;0;0;0
clssm_mcrp;current;0.35;0.625;0.025;0.3333333333333333;0.2926439583333333;0.226846875
clssm_mcrp;current;0.2;0.175;0.025;0.13333333333333333;0.11681645833333333;0.090348125
clssm_mcrp;current;0.875;1;0.15;0.6749999999999999;0.5912108333333334;0.45711041666666663
clssm_mcrp;current;0.35;0.6;0.025;0.325;0.28531229166666666;0.22115041666666668
clssm_mcrp;current;0.125;0.075;0;0.06666666666666667;0.05854291666666667;0.045391458333333336
clssm_mcrp;current;0;0;0;0;0;0
clssm_mcrp;current;0;0;0;0;0;0
clssm_mcrp;current;0.6;0;0.225;0.27499999999999997;0.23859312499999996;0.18255625
clssm_mcrp;current;0.675;0.025;0.125;0.275;0.2397810416666667;0.18447562500000003
clssm_mcrp;current;0.175;0;0.025;0.06666666666666667;0.05818520833333333;0.0448125
clssm_mcrp;current;0.175;0.025;0.025;0.075;0.06551687499999999;0.050508958333333326
clssm_mcrp;current;0;0;0;0;0;0
clssm_mcrp;current;0.3;0.325;0.075;0.2333333333333333;0.20408104166666666;0.15754770833333334
clssm_mcrp;current;0.9;0.925;0.825;0.8833333333333334;0.7660147916666666;0.5858002083333335
clssm_mcrp;current;0.9;0.95;0.975;0.9416666666666668;0.8154552083333333;0.6226341666666667
clssm_mcrp;current;0.975;1;1;0.9916666666666667;0.8590654166666667;0.6561979166666667
clssm_mcrp;current;0.025;0;0.1;0.041666666666666664;0.035382083333333335;0.02641875
clssm_mcrp;current;0.025;0;0;0.008333333333333333;0.007309583333333334;0.005660416666666667
clssm_mcrp;current;0;0;0.025;0.008333333333333333;0.007018125;0.005189583333333333
clssm_mcrp;current;0.075;0;0.025;0.03333333333333333;0.028946874999999997;0.022170833333333334
clssm_mcrp;current;0.5;0.575;0.05;0.375;0.32885625;0.25460604166666667
clssm_mcrp;current;0;0;0.025;0.008333333333333333;0.007018125;0.005189583333333333
clssm_mcrp;current;0.875;1;0.4;0.7583333333333333;0.6613920833333333;0.50900625
clssm_mcrp;current;0.475;0.65;0.025;0.3833333333333333;0.3365235416666667;0.26084541666666666
clssm_mcrp;current;0.025;0;0.025;0.016666666666666666;0.014327708333333333;0.01085
clssm_mcrp;current;0.7;0.925;0.1;0.5750000000000001;0.5040125000000001;0.3900189583333334
clssm_mcrp;current;0;0;0.025;0.008333333333333333;0.007018125;0.005189583333333333
clssm_mcrp;current;0.475;0.75;0.025;0.4166666666666667;0.3658502083333333;0.28363125
clssm_mcrp;current;0.025;0;0.025;0.016666666666666666;0.014327708333333333;0.01085
clssm_mcrp;current;0;0;0;0;0;0
clssm_mcrp;current;0;0;0;0;0;0
clssm_mcrp;current;0.625;0.1;0.55;0.425;0.366465;0.27846708333333337
clssm_mcrp;current;0.8;0.175;0.425;0.46666666666666673;0.40453645833333335;0.3092314583333333
clssm_mcrp;current;0.225;0;0;0.075;0.06578625;0.05094375
clssm_mcrp;current;0.05;0;0;0.016666666666666666;0.014619166666666667;0.011320833333333334
clssm_mcrp;current;0.775;0.425;0.275;0.4916666666666667;0.42843479166666665;0.32939812500000004
clssm_mcrp;current;0.05;0;0.025;0.025000000000000005;0.02163729166666667;0.016510416666666666
clssm_mcrp;current;0.45;0.325;0.2;0.325;0.28302916666666667;0.21745812500000003
clssm_mcrp;current;0.8;0.775;0.375;0.65;0.5664602083333333;0.43556729166666663
clssm_mcrp;current;0.775;0.775;0.975;0.8416666666666667;0.727585625;0.5544568750000001
clssm_mcrp;current;0.975;1;1;0.9916666666666667;0.8590654166666667;0.6561979166666667
clssm_mcrp;current;0.975;1;0.975;0.9833333333333334;0.8520472916666666;0.6510083333333333
clssm_mcrp;current;0.5;0.575;0.125;0.39999999999999997;0.349910625;0.27017479166666664
clssm_mcrp;current;0.075;0;0.025;0.03333333333333333;0.028946874999999997;0.022170833333333334
clssm_mcrp;current;0.5;0.65;0.05;0.39999999999999997;0.35085125;0.2716954166666667
clssm_mcrp;current;0.525;0.75;0.05;0.44166666666666665;0.3874875;0.3001416666666667
clssm_mcrp;current;0.325;0.4;0.025;0.25000000000000006;0.21934937499999999;0.16991833333333337
clssm_mcrp;current;0.825;1;0.1;0.6416666666666667;0.5625554166666668;0.43541041666666674
clssm_mcrp;current;0;0;0.025;0.008333333333333333;0.007018125;0.005189583333333333
clssm_mcrp;current;0.7;0.975;0.075;0.5833333333333333;0.5116577083333333;0.39622229166666667
clssm_mcrp;current;0.575;0.825;0.075;0.49166666666666664;0.4311197916666667;0.3337414583333333
clssm_mcrp;current;0;0;0.025;0.008333333333333333;0.007018125;0.005189583333333333
clssm_mcrp;current;0.175;0.075;0.025;0.09166666666666667;0.08018020833333334;0.061901874999999995
clssm_mcrp;current;0.9;1;0.1;0.6666666666666666;0.5844841666666667;0.45239166666666675
clssm_mcrp;current;0;0;0;0;0;0
clssm_mcrp;current;0;0;0;0;0;0
clssm_mcrp;current;0;0;0;0;0;0
clssm_mcrp;current;0.9;0.8;1;0.9;0.7784833333333334;0.593645
clssm_mcrp;current;0.925;0.75;0.75;0.8083333333333332;0.7009483333333333;0.5360166666666667
clssm_mcrp;current;0.3;0;0.025;0.10833333333333334;0.09473312499999999;0.07311458333333333
clssm_mcrp;current;0.025;0;0.025;0.016666666666666666;0.014327708333333333;0.01085
clssm_mcrp;current;0.85;0.425;0.375;0.5499999999999999;0.47843604166666664;0.36713770833333337
clssm_mcrp;current;0.95;0.95;0.925;0.9416666666666668;0.816038125;0.6235758333333333
clssm_mcrp;current;0.925;0.95;0.95;0.9416666666666668;0.8157466666666666;0.6231050000000001
clssm_mcrp;current;0.975;1;0.975;0.9833333333333334;0.8520472916666666;0.6510083333333333
clssm_mcrp;current;0.9;0.85;0.975;0.9083333333333333;0.7861285416666667;0.5998483333333334
clssm_mcrp;current;0.85;0.8;0.975;0.875;0.7568460416666666;0.5771345833333333
clssm_mcrp;current;0.975;1;1;0.9916666666666667;0.8590654166666667;0.6561979166666667
clssm_mcrp;current;0.975;1;0.45;0.8083333333333335;0.7046666666666667;0.5420270833333333
clssm_mcrp;current;0.625;0.625;0.05;0.43333333333333335;0.38006749999999995;0.2943010416666667
clssm_mcrp;current;0.95;1;0.55;0.8333333333333334;0.7254295833333334;0.557125
clssm_mcrp;current;0.925;1;0.15;0.6916666666666668;0.60583;0.46843125
clssm_mcrp;current;0.025;0;0;0.008333333333333333;0.007309583333333334;0.005660416666666667
clssm_mcrp;current;0.9;1;0.15;0.6833333333333332;0.5985204166666667;0.46277083333333335
clssm_mcrp;current;0.825;1;0.075;0.6333333333333333;0.5555372916666667;0.43022083333333333
clssm_mcrp;current;0.825;1;0.1;0.6416666666666667;0.5625554166666668;0.43541041666666674
clssm_mcrp;current;0;0;0.025;0.008333333333333333;0.007018125;0.005189583333333333
clssm_mcrp;current;0;0;0.025;0.008333333333333333;0.007018125;0.005189583333333333
clssm_mcrp;current;0.625;0.85;0.025;0.5;0.43903437500000003;0.34037958333333335
clssm_mcrp;current;0.55;0.65;0.025;0.4083333333333334;0.35845229166666664;0.2778266666666667
clssm_mcrp;current;0;0;0;0;0;0
clssm_mcrp;current;0;0;0;0;0;0
clssm_mcrp;current;0.225;0;0.425;0.21666666666666667;0.185094375;0.13916666666666666
clssm_mcrp;current;0.975;1;1;0.9916666666666667;0.8590654166666667;0.6561979166666667
clssm_mcrp;current;0.875;0.425;0.425;0.5750000000000001;0.49978187500000004;0.3831772916666667
clssm_mcrp;current;0.2;0;0.1;0.10000000000000002;0.08654916666666668;0.06604166666666667
clssm_mcrp;current;0;0;0.025;0.008333333333333333;0.007018125;0.005189583333333333
clssm_mcrp;current;0.925;0.65;0.725;0.7666666666666667;0.6646035416666667;0.5080412500000001
clssm_mcrp;current;0.825;0.4;0.775;0.6666666666666666;0.5760847916666667;0.43881416666666667
clssm_mcrp;current;0;0;0.275;0.09166666666666667;0.077199375;0.05708541666666667
clssm_mcrp;current;0.85;0.7;0.95;0.8333333333333334;0.72050125;0.5491591666666666
clssm_mcrp;current;0.85;0.775;0.975;0.8666666666666667;0.749514375;0.571438125
clssm_mcrp;current;0.95;1;0.975;0.975;0.8447377083333333;0.6453479166666667
clssm_mcrp;current;0.575;0.525;0.75;0.6166666666666667;0.5326291666666667;0.40550270833333335
clssm_mcrp;current;0.975;1;0.95;0.975;0.8450291666666666;0.64581875
clssm_mcrp;current;0.975;1;0.375;0.7833333333333333;0.6836122916666666;0.5264583333333334
clssm_mcrp;current;0.1;0;0;0.03333333333333333;0.029238333333333335;0.022641666666666668
clssm_mcrp;current;0.975;1;0.4;0.7916666666666666;0.6906304166666667;0.5316479166666667
clssm_mcrp;current;0.775;0.825;0.05;0.55;0.48257833333333333;0.37383520833333334
clssm_mcrp;current;0.45;0.6;0.025;0.35833333333333334;0.314550625;0.24379208333333335
clssm_mcrp;current;0.4;0.525;0.025;0.3166666666666667;0.27793645833333336;0.21538187500000003
clssm_mcrp;current;0;0;0;0;0;0
clssm_mcrp;current;0;0;0.025;0.008333333333333333;0.007018125;0.005189583333333333
clssm_mcrp;current;0;0;0;0;0;0
clssm_mcrp;current;0.125;0.025;0.025;0.05833333333333333;0.050897708333333326;0.039188125000000004
clssm_mcrp;current;0.675;0.8;0.05;0.5083333333333334;0.44600833333333334;0.34549708333333334
clssm_mcrp;current;0;0;0;0;0;0
clssm_mcrp;current;0;0;0;0;0;0
clssm_mcrp;current;0;0;0;0;0;0
clssm_mcrp;current;0;0;0;0;0;0
clssm_mcrp;current;0.45;0;0.325;0.25833333333333336;0.22280812500000002;0.16935208333333332
clssm_mcrp;current;0.95;0.9;0.975;0.9416666666666668;0.8154110416666667;0.6225620833333334
clssm_mcrp;current;0.05;0;0.075;0.041666666666666664;0.03567354166666667;0.02688958333333333
clssm_mcrp;current;0.6;0.05;0.45;0.3666666666666667;0.3164195833333333;0.24065541666666668
clssm_mcrp;current;0.925;0.8;0.75;0.8250000000000001;0.7156116666666666;0.5474095833333333
clssm_mcrp;current;0.925;0.575;0.775;0.7583333333333333;0.6566447916666668;0.5013310416666668
clssm_mcrp;current;0.925;0.875;0.975;0.9249999999999999;0.8007697916666666;0.6112052083333334
clssm_mcrp;current;0.925;0.925;0.975;0.9416666666666668;0.8154331250000001;0.622598125
clssm_mcrp;current;0.925;0.85;0.975;0.9166666666666666;0.7934381249999999;0.60550875
clssm_mcrp;current;0.975;1;1;0.9916666666666667;0.8590654166666667;0.6561979166666667
clssm_mcrp;current;0.975;1;1;0.9916666666666667;0.8590654166666667;0.6561979166666667
clssm_mcrp;current;0.975;1;0.975;0.9833333333333334;0.8520472916666666;0.6510083333333333
clssm_mcrp;current;0.2;0;0;0.06666666666666667;0.05847666666666667;0.045283333333333335
clssm_mcrp;current;0.975;1;0.3;0.7583333333333333;0.6625579166666666;0.5108895833333333
clssm_mcrp;current;0.8;0.775;0.025;0.5333333333333333;0.46820645833333335;0.36291312499999995
clssm_mcrp;current;0.975;1;0.3;0.7583333333333333;0.6625579166666666;0.5108895833333333
clssm_mcrp;current;0.125;0;0;0.041666666666666664;0.036547916666666666;0.028302083333333335
clssm_mcrp;current;0.975;1;0.225;0.7333333333333334;0.6415035416666667;0.4953208333333334
clssm_mcrp;current;0.775;0.875;0.025;0.5583333333333332;0.4902235416666667;0.3800385416666667
clssm_mcrp;current;0.225;0.1;0;0.10833333333333334;0.09511291666666666;0.07372958333333333
clssm_mcrp;current;0.1;0.075;0;0.05833333333333333;0.05123333333333333;0.03973104166666667
clssm_mcrp;current;0.25;0.175;0;0.14166666666666666;0.1244175;0.09647937499999999
clssm_mcrp;current;0.05;0;0;0.016666666666666666;0.014619166666666667;0.011320833333333334
clssm_mcrp;current;0.15;0.075;0;0.075;0.0658525;0.051051875000000004
clssm_mcrp;current;0.075;0.025;0;0.03333333333333333;0.029260416666666664;0.022677708333333334
clssm_mcrp;current;0;0;0;0;0;0
clssm_mcrp;current;0;0;0;0;0;0
clssm_mcrp;current;0;0;0;0;0;0
clssm_mcrp;current;0.9;0.525;0.825;0.75;0.6487081250000001;0.494656875
clssm_mcrp;current;0.975;1;1;0.9916666666666667;0.8590654166666667;0.6561979166666667
clssm_mcrp;current;0.8;0.45;0.75;0.6666666666666666;0.5764204166666667;0.43935708333333334
clssm_mcrp;current;0.225;0;0.4;0.20833333333333334;0.17807625000000002;0.13397708333333333
clssm_mcrp;current;0.825;0.4;0.825;0.6833333333333332;0.5901210416666666;0.4491933333333333
clssm_mcrp;current;0.95;0.9;0.975;0.9416666666666668;0.8154110416666667;0.6225620833333334
clssm_mcrp;current;0.975;1;1;0.9916666666666667;0.8590654166666667;0.6561979166666667
clssm_mcrp;current;0.975;1;1;0.9916666666666667;0.8590654166666667;0.6561979166666667
clssm_mcrp;current;0.65;0.25;0.975;0.625;0.5370727083333333;0.40652916666666666
clssm_mcrp;current;0.8;0.55;0.85;0.7333333333333334;0.6338195833333334;0.48290125
clssm_mcrp;current;0.75;0.375;0.575;0.5666666666666667;0.49067937500000003;0.37461979166666665
clssm_mcrp;current;0.975;1;0.975;0.9833333333333334;0.8520472916666666;0.6510083333333333
clssm_mcrp;current;0.325;0.05;0.05;0.14166666666666666;0.12372416666666668;0.0953575
clssm_mcrp;current;0.975;1;0.95;0.975;0.8450291666666666;0.64581875
clssm_mcrp;current;0.975;1;0.425;0.7999999999999999;0.6976485416666667;0.5368375
clssm_mcrp;current;0.975;1;0.35;0.775;0.6765941666666667;0.5212687500000001
clssm_mcrp;current;0.925;0.825;0.1;0.6166666666666667;0.5404720833333333;0.41817687500000006
clssm_mcrp;current;0.975;1;0.5;0.8250000000000001;0.7187029166666666;0.55240625
clssm_mcrp;current;0.45;0.2;0;0.21666666666666667;0.19022583333333332;0.14745916666666667
clssm_mcrp;current;0.475;0.5;0;0.325;0.2855154166666667;0.22147708333333335
clssm_mcrp;current;0.55;0.7;0;0.4166666666666667;0.36609749999999996;0.28403
clssm_mcrp;current;0.45;0.425;0;0.2916666666666667;0.25621083333333333;0.1987272916666667
clssm_mcrp;current;0;0;0;0;0;0
clssm_mcrp;current;0.75;0.9;0.1;0.5833333333333334;0.5113000000000001;0.3956433333333334
clssm_mcrp;current;0;0;0;0;0;0
clssm_mcrp;current;0.05;0;0;0.016666666666666666;0.014619166666666667;0.011320833333333334
clssm_mcrp;current;0;0;0;0;0;0
clssm_mcrp;current;0.95;0.9;0.975;0.9416666666666668;0.8154110416666667;0.6225620833333334
clssm_mcrp;current;0.975;1;1;0.9916666666666667;0.8590654166666667;0.6561979166666667
clssm_mcrp;current;0.975;1;0.975;0.9833333333333334;0.8520472916666666;0.6510083333333333
clssm_mcrp;current;0.65;0.15;0.725;0.5083333333333333;0.4375647916666667;0.3318475
clssm_mcrp;current;0.95;0.925;0.975;0.9500000000000001;0.8227427083333333;0.6282585416666667
clssm_mcrp;current;0.95;0.95;0.975;0.9583333333333334;0.830074375;0.6339549999999999
clssm_mcrp;current;0.4;0;0.95;0.45;0.38364208333333333;0.2877708333333333
clssm_mcrp;current;0.625;0.05;0.95;0.5416666666666666;0.4640916666666666;0.3501075
clssm_mcrp;current;0.975;1;1;0.9916666666666667;0.8590654166666667;0.6561979166666667
clssm_mcrp;current;0.525;0.025;0.7;0.4166666666666667;0.35734041666666666;0.26987354166666666
clssm_mcrp;current;0.775;0.35;0.6;0.5750000000000001;0.4976754166666666;0.37977333333333335
clssm_mcrp;current;0.975;1;0.975;0.9833333333333334;0.8520472916666666;0.6510083333333333
clssm_mcrp;current;0.975;1;0.925;0.9666666666666668;0.8380110416666667;0.6406291666666667
clssm_mcrp;current;0.075;0;0;0.024999999999999998;0.021928749999999997;0.01698125
clssm_mcrp;current;0.975;1;0.975;0.9833333333333334;0.8520472916666666;0.6510083333333333
clssm_mcrp;current;0.975;1;0.55;0.8416666666666668;0.7327391666666667;0.5627854166666667
clssm_mcrp;current;0.975;1;0.4;0.7916666666666666;0.6906304166666667;0.5316479166666667
clssm_mcrp;current;0.275;0.025;0;0.10000000000000002;0.08773708333333334;0.06796104166666667
clssm_mcrp;current;0.975;1;0.875;0.9500000000000001;0.8239747916666667;0.6302500000000001
clssm_mcrp;current;0.25;0.025;0;0.09166666666666667;0.0804275;0.062300625
clssm_mcrp;current;0.65;0.65;0;0.43333333333333335;0.3806725;0.29527875000000003
clssm_mcrp;current;0.875;0.85;0.025;0.5833333333333334;0.5121302083333333;0.39698374999999997
clssm_mcrp;current;0;0;0;0;0;0
clssm_mcrp;current;0.65;0.725;0.05;0.47500000000000003;0.41670375;0.3227472916666667
clssm_mcrp;current;0;0;0;0;0;0
clssm_mcrp;current;0.3;0;0.025;0.10833333333333334;0.09473312499999999;0.07311458333333333
clssm_mcrp;current;0.375;0;0.125;0.16666666666666666;0.144734375;0.11085416666666666
clssm_mcrp;current;0.975;1;0.975;0.9833333333333334;0.8520472916666666;0.6510083333333333
clssm_mcrp;current;0.975;1;0.975;0.9833333333333334;0.8520472916666666;0.6510083333333333
clssm_mcrp;current;0.975;1;1;0.9916666666666667;0.8590654166666667;0.6561979166666667
clssm_mcrp;current;0.95;0.775;0.975;0.9;0.7787527083333333;0.5940797916666667
clssm_mcrp;current;0.975;1;0.975;0.9833333333333334;0.8520472916666666;0.6510083333333333
clssm_mcrp;current;0.95;0.85;0.975;0.9249999999999999;0.8007477083333333;0.6111691666666667
clssm_mcrp;current;0.975;1;0.975;0.9833333333333334;0.8520472916666666;0.6510083333333333
clssm_mcrp;current;0.95;0.825;0.975;0.9166666666666666;0.7934160416666667;0.6054727083333333
clssm_mcrp;current;0.975;1;0.975;0.9833333333333334;0.8520472916666666;0.6510083333333333
clssm_mcrp;current;0.975;1;1;0.9916666666666667;0.8590654166666667;0.6561979166666667
clssm_mcrp;current;0.7;0.15;0.3;0.3833333333333333;0.3328758333333333;0.25494541666666665
clssm_mcrp;current;0.975;1;0.8;0.9250000000000002;0.8029204166666667;0.61468125
clssm_mcrp;current;0.95;0.925;0.6;0.8250000000000001;0.7174708333333334;0.5504147916666667
clssm_mcrp;current;0.975;1;1;0.9916666666666667;0.8590654166666667;0.6561979166666667
clssm_mcrp;current;0.375;0.025;0.05;0.15;0.13101166666666667;0.100981875
clssm_mcrp;current;0.975;1;0.975;0.9833333333333334;0.8520472916666666;0.6510083333333333
clssm_mcrp;current;0.975;1;0.875;0.9500000000000001;0.8239747916666667;0.6302500000000001
clssm_mcrp;current;0.95;0.95;0.325;0.7416666666666667;0.647603125;0.4990258333333333
clssm_mcrp;current;0.9;0.625;0.05;0.525;0.4604729166666666;0.35656562500000005
clssm_mcrp;current;0.975;1;1;0.9916666666666667;0.8590654166666667;0.6561979166666667
clssm_mcrp;current;0;0;0;0;0;0
clssm_mcrp;current;0.875;1;0.65;0.8416666666666667;0.7315733333333334;0.5609020833333334
clssm_mcrp;current;0.15;0.025;0.025;0.06666666666666667;0.05820729166666666;0.044848541666666665
clssm_mcrp;current;0.25;0.05;0.025;0.10833333333333334;0.09477729166666667;0.07318666666666666
clssm_mcrp;current;0;0;0;0;0;0
clssm_mcrp;current;0;0;0;0;0;0
clssm_mcrp;current;0.525;0;0.225;0.25;0.216664375;0.165575
clssm_mcrp;current;0.95;0.775;0.95;0.8916666666666666;0.7717345833333334;0.5888902083333334
clssm_mcrp;current;0.825;0.075;0.55;0.48333333333333334;0.41761;0.31805395833333333
clssm_mcrp;current;0.9;0.625;0.725;0.75;0.6499622916666666;0.49668437500000007
clssm_mcrp;current;0.975;1;1;0.9916666666666667;0.8590654166666667;0.6561979166666667
clssm_mcrp;current;0.975;1;1;0.9916666666666667;0.8590654166666667;0.6561979166666667
clssm_mcrp;current;0.975;1;0.975;0.9833333333333334;0.8520472916666666;0.6510083333333333
clssm_mcrp;current;0.975;1;1;0.9916666666666667;0.8590654166666667;0.6561979166666667
clssm_mcrp;current;0.95;1;1;0.9833333333333334;0.8517558333333334;0.6505375
clssm_mcrp;current;0.975;1;1;0.9916666666666667;0.8590654166666667;0.6561979166666667
clssm_mcrp;current;0.975;1;1;0.9916666666666667;0.8590654166666667;0.6561979166666667
clssm_mcrp;current;0.975;1;0.975;0.9833333333333334;0.8520472916666666;0.6510083333333333
clssm_mcrp;current;0.725;0.275;0.5;0.5;0.43298875000000003;0.3306047916666666
clssm_mcrp;current;0.95;0.725;0.85;0.8416666666666667;0.72899875;0.5567389583333333
clssm_mcrp;current;0.975;1;1;0.9916666666666667;0.8590654166666667;0.6561979166666667
clssm_mcrp;current;0.975;1;0.875;0.9500000000000001;0.8239747916666667;0.6302500000000001
clssm_mcrp;current;0.975;1;0.825;0.9333333333333332;0.8099385416666666;0.6198708333333333
clssm_mcrp;current;0.975;1;0.925;0.9666666666666668;0.8380110416666667;0.6406291666666667
clssm_mcrp;current;0.95;0.95;1;0.9666666666666667;0.8370924999999999;0.6391445833333332
clssm_mcrp;current;0.975;1;0.575;0.85;0.7397572916666667;0.567975
clssm_mcrp;current;0.95;0.85;0.225;0.6749999999999999;0.5902039583333333;0.45548166666666673
clssm_mcrp;current;0.975;1;0.925;0.9666666666666668;0.8380110416666667;0.6406291666666667
clssm_mcrp;current;0.8;0.625;0.275;0.5666666666666668;0.49439770833333335;0.38063020833333333
clssm_mcrp;current;0.85;0.975;0.925;0.9166666666666666;0.7941314583333333;0.6066306250000001
clssm_mcrp;current;0.8;0.775;0.75;0.775;0.6717320833333332;0.5134110416666666
clssm_mcrp;current;0.1;0.025;0.05;0.05833333333333333;0.05060625;0.03871729166666667
clssm_mcrp;current;0;0;0.025;0.008333333333333333;0.007018125;0.005189583333333333
clssm_mcrp;current;0;0;0;0;0;0
clssm_mcrp;current;0.1;0;0.025;0.041666666666666664;0.03625645833333333;0.027831250000000002
clssm_mcrp;current;0.875;0.125;0.475;0.4916666666666667;0.425838125;0.3251989583333334
clssm_mcrp;current;0.9;0.325;0.65;0.625;0.5409279166666666;0.41275812500000003
clssm_mcrp;current;0.975;0.95;0.95;0.9583333333333334;0.8303658333333334;0.6344258333333334
clssm_mcrp;current;0.975;1;0.975;0.9833333333333334;0.8520472916666666;0.6510083333333333
clssm_mcrp;current;0.975;1;1;0.9916666666666667;0.8590654166666667;0.6561979166666667
clssm_mcrp;current;0.975;1;1;0.9916666666666667;0.8590654166666667;0.6561979166666667
clssm_mcrp;current;0.975;1;1;0.9916666666666667;0.8590654166666667;0.6561979166666667
clssm_mcrp;current;0.975;1;0.975;0.9833333333333334;0.8520472916666666;0.6510083333333333
clssm_mcrp;current;0.975;1;1;0.9916666666666667;0.8590654166666667;0.6561979166666667
clssm_mcrp;current;0.975;1;1;0.9916666666666667;0.8590654166666667;0.6561979166666667
clssm_mcrp;current;0.975;0.875;0.9;0.9166666666666666;0.7943345833333334;0.6069572916666667
clssm_mcrp;current;0.975;1;0.85;0.9416666666666668;0.8169566666666667;0.6250604166666667
clssm_mcrp;current;0.975;1;1;0.9916666666666667;0.8590654166666667;0.6561979166666667
clssm_mcrp;current;0.975;1;1;0.9916666666666667;0.8590654166666667;0.6561979166666667
clssm_mcrp;current;0.975;1;0.9;0.9583333333333334;0.8309929166666666;0.6354395833333334
clssm_mcrp;current;0.975;1;0.95;0.975;0.8450291666666666;0.64581875
clssm_mcrp;current;0.975;1;0.875;0.9500000000000001;0.8239747916666667;0.6302500000000001
clssm_mcrp;current;0.975;1;1;0.9916666666666667;0.8590654166666667;0.6561979166666667
clssm_mcrp;current;0.925;0.875;1;0.9333333333333332;0.8077879166666667;0.6163947916666667
clssm_mcrp;current;0.95;1;0.7;0.8833333333333333;0.7675383333333334;0.5882625
clssm_mcrp;current;0.05;0;0;0.016666666666666666;0.014619166666666667;0.011320833333333334
clssm_mcrp;current;0.95;1;1;0.9833333333333334;0.8517558333333334;0.6505375
clssm_mcrp;current;0;0;0.075;0.024999999999999998;0.021054375;0.01556875
clssm_mcrp;current;0.075;0;0.1;0.05833333333333333;0.05000125;0.03773958333333333
clssm_mcrp;current;0.85;0.925;0.875;0.8833333333333333;0.765431875;0.5848585416666667
clssm_mcrp;current;0.025;0;0;0.008333333333333333;0.007309583333333334;0.005660416666666667
clssm_mcrp;current;0;0;0;0;0;0
clssm_mcrp;current;0;0;0;0;0;0
clssm_mcrp;current;0.65;0.1;0.6;0.45;0.38781083333333327;0.2945066666666667
clssm_mcrp;current;0.925;0.925;0.975;0.9416666666666668;0.8154331250000001;0.622598125
clssm_mcrp;current;0.925;0.725;0.85;0.8333333333333334;0.7216891666666667;0.5510785416666667
clssm_mcrp;current;0.975;1;0.975;0.9833333333333334;0.8520472916666666;0.6510083333333333
clssm_mcrp;current;0.975;1;1;0.9916666666666667;0.8590654166666667;0.6561979166666667
clssm_mcrp;current;0.975;1;1;0.9916666666666667;0.8590654166666667;0.6561979166666667
clssm_mcrp;current;0.975;1;1;0.9916666666666667;0.8590654166666667;0.6561979166666667
clssm_mcrp;current;0.975;1;1;0.9916666666666667;0.8590654166666667;0.6561979166666667
clssm_mcrp;current;0.975;1;1;0.9916666666666667;0.8590654166666667;0.6561979166666667
clssm_mcrp;current;0.975;1;1;0.9916666666666667;0.8590654166666667;0.6561979166666667
clssm_mcrp;current;0.975;1;1;0.9916666666666667;0.8590654166666667;0.6561979166666667
clssm_mcrp;current;0.975;1;1;0.9916666666666667;0.8590654166666667;0.6561979166666667
clssm_mcrp;current;0.975;1;1;0.9916666666666667;0.8590654166666667;0.6561979166666667
clssm_mcrp;current;0.85;0.475;0.725;0.6833333333333332;0.591353125;0.4511847916666667
clssm_mcrp;current;0.925;0.725;0.75;0.7999999999999999;0.6936166666666667;0.5303202083333334
clssm_mcrp;current;0.9;0.725;0.675;0.7666666666666666;0.6652527083333334;0.5090910416666666
clssm_mcrp;current;0.975;1;1;0.9916666666666667;0.8590654166666667;0.6561979166666667
clssm_mcrp;current;0.975;1;0.95;0.975;0.8450291666666666;0.64581875
clssm_mcrp;current;0.975;1;0.9;0.9583333333333334;0.8309929166666666;0.6354395833333334
clssm_mcrp;current;0.85;0.825;1;0.8916666666666666;0.7711958333333334;0.588020625
clssm_mcrp;current;0.95;1;0.675;0.875;0.7605202083333333;0.5830729166666667
clssm_mcrp;current;0.95;1;1;0.9833333333333334;0.8517558333333334;0.6505375
clssm_mcrp;current;0.925;1;1;0.975;0.84444625;0.6448770833333334
clssm_mcrp;current;0.125;0;0.475;0.19999999999999998;0.16989229166666667;0.12690416666666668
clssm_mcrp;current;0.75;0.675;0.5;0.6416666666666667;0.557605;0.42740854166666664
clssm_mcrp;current;0;0;0;0;0;0
clssm_mcrp;current;0;0;0;0;0;0
clssm_mcrp;current;0;0;0;0;0;0
clssm_mcrp;current;0.4;0.4;0.875;0.5583333333333333;0.479894375;0.3633454166666667
clssm_mcrp;current;0.9;0.725;0.975;0.8666666666666667;0.7494702083333333;0.5713660416666667
clssm_mcrp;current;0.975;0.975;0.975;0.975;0.844715625;0.645311875
clssm_mcrp;current;0.975;1;0.975;0.9833333333333334;0.8520472916666666;0.6510083333333333
clssm_mcrp;current;0.975;1;0.975;0.9833333333333334;0.8520472916666666;0.6510083333333333
clssm_mcrp;current;0.975;1;1;0.9916666666666667;0.8590654166666667;0.6561979166666667
clssm_mcrp;current;0.975;1;1;0.9916666666666667;0.8590654166666667;0.6561979166666667
clssm_mcrp;current;0.925;0.65;0.975;0.8500000000000001;0.7347847916666667;0.5599370833333334
clssm_mcrp;current;0.975;1;1;0.9916666666666667;0.8590654166666667;0.6561979166666667
clssm_mcrp;current;0.975;1;1;0.9916666666666667;0.8590654166666667;0.6561979166666667
clssm_mcrp;current;0.975;1;1;0.9916666666666667;0.8590654166666667;0.6561979166666667
clssm_mcrp;current;0.975;1;0.925;0.9666666666666668;0.8380110416666667;0.6406291666666667
clssm_mcrp;current;0.975;0.9;0.775;0.8833333333333333;0.7665756250000001;0.5867058333333334
clssm_mcrp;current;0.95;0.85;0.85;0.8833333333333333;0.7656570833333333;0.58522125
clssm_mcrp;current;0.975;1;0.95;0.975;0.8450291666666666;0.64581875
clssm_mcrp;current;0.975;1;1;0.9916666666666667;0.8590654166666667;0.6561979166666667
clssm_mcrp;current;0.925;0.7;0.6;0.7416666666666667;0.64417625;0.49348625000000007
clssm_mcrp;current;0.925;0.7;0.4;0.6749999999999999;0.58803125;0.4519695833333334
clssm_mcrp;current;0.975;1;0.875;0.9500000000000001;0.8239747916666667;0.6302500000000001
clssm_mcrp;current;0.825;0.55;0.075;0.48333333333333334;0.4235672916666666;0.32768458333333333
clssm_mcrp;current;0.95;1;0.725;0.8916666666666666;0.7745564583333334;0.5934520833333333
clssm_mcrp;current;0.975;1;1;0.9916666666666667;0.8590654166666667;0.6561979166666667
clssm_mcrp;current;0.95;1;1;0.9833333333333334;0.8517558333333334;0.6505375
clssm_mcrp;current;0.925;0.95;1;0.9583333333333334;0.8297829166666667;0.6334841666666667
clssm_mcrp;current;0.925;0.9;0.875;0.9;0.7800289583333333;0.5961433333333334
clssm_mcrp;current;0;0;0;0;0;0
clssm_mcrp;current;0;0;0;0;0;0
clssm_mcrp;current;0;0;0;0;0;0
clssm_mcrp;current;0;0;0;0;0;0
clssm_mcrp;current;0.125;0.375;0.925;0.47500000000000003;0.40619354166666666;0.3057635416666667
clssm_mcrp;current;0.6;0.35;0.975;0.6416666666666666;0.5517802083333333;0.41799416666666667
clssm_mcrp;current;0.975;1;1;0.9916666666666667;0.8590654166666667;0.6561979166666667
clssm_mcrp;current;0.975;1;0.975;0.9833333333333334;0.8520472916666666;0.6510083333333333
clssm_mcrp;current;0.95;0.85;0.9;0.8999999999999999;0.7796933333333333;0.5956004166666667
clssm_mcrp;current;0.975;1;0.975;0.9833333333333334;0.8520472916666666;0.6510083333333333
clssm_mcrp;current;0.975;1;1;0.9916666666666667;0.8590654166666667;0.6561979166666667
clssm_mcrp;current;0.95;1;1;0.9833333333333334;0.8517558333333334;0.6505375
clssm_mcrp;current;0.95;0.825;0.975;0.9166666666666666;0.7934160416666667;0.6054727083333333
clssm_mcrp;current;0.975;0.9;0.975;0.9500000000000001;0.822720625;0.6282225
clssm_mcrp;current;0.675;0.325;0.7;0.5666666666666667;0.4891779166666667;0.3721935416666667
clssm_mcrp;current;0.925;0.7;0.825;0.8166666666666668;0.707339375;0.5401925
clssm_mcrp;current;0.975;1;0.85;0.9416666666666668;0.8169566666666667;0.6250604166666667
clssm_mcrp;current;0.95;0.925;0.825;0.9;0.7806339583333334;0.5971210416666667
clssm_mcrp;current;0.975;1;1;0.9916666666666667;0.8590654166666667;0.6561979166666667
clssm_mcrp;current;0.975;1;1;0.9916666666666667;0.8590654166666667;0.6561979166666667
clssm_mcrp;current;0.55;0.05;0.2;0.26666666666666666;0.23161916666666668;0.17743875
clssm_mcrp;current;0.95;0.775;0.525;0.75;0.6524264583333333;0.5006672916666667
clssm_mcrp;current;0.95;0.875;0.275;0.7000000000000001;0.611571875;0.47155729166666666
clssm_mcrp;current;0.925;0.9;0.225;0.6833333333333335;0.5975577083333333;0.4612141666666667
clssm_mcrp;current;0.9;0.925;0.25;0.6916666666666668;0.6045979166666667;0.4664397916666667
clssm_mcrp;current;0.225;0.05;0;0.09166666666666667;0.08044958333333334;0.06233666666666667
clssm_mcrp;current;0;0;0.025;0.008333333333333333;0.007018125;0.005189583333333333
clssm_mcrp;current;0.4;0.225;0.65;0.425;0.36540958333333334;0.2767639583333334
clssm_mcrp;current;0.925;1;1;0.975;0.84444625;0.6448770833333334
clssm_mcrp;current;0.85;0.9;0.95;0.9;0.7791545833333333;0.5947308333333333
clssm_mcrp;current;0.05;0;0.025;0.025000000000000005;0.02163729166666667;0.016510416666666666
clssm_mcrp;current;0.025;0;0;0.008333333333333333;0.007309583333333334;0.005660416666666667
clssm_mcrp;current;0.05;0;0;0.016666666666666666;0.014619166666666667;0.011320833333333334
clssm_mcrp;current;0;0;0;0;0;0
clssm_mcrp;current;0.2;0.2;0.85;0.4166666666666667;0.35574625;0.2673008333333333
clssm_mcrp;current;0.95;0.95;1;0.9666666666666667;0.8370924999999999;0.6391445833333332
clssm_mcrp;current;0.95;0.975;0.975;0.9666666666666667;0.8374060416666667;0.6396514583333334
clssm_mcrp;current;0.95;1;1;0.9833333333333334;0.8517558333333334;0.6505375
clssm_mcrp;current;0.95;1;1;0.9833333333333334;0.8517558333333334;0.6505375
clssm_mcrp;current;0.975;1;1;0.9916666666666667;0.8590654166666667;0.6561979166666667
clssm_mcrp;current;0.975;1;1;0.9916666666666667;0.8590654166666667;0.6561979166666667
clssm_mcrp;current;0.975;0.9;1;0.9583333333333334;0.8297387500000001;0.6334120833333333
clssm_mcrp;current;0.5;0;0.825;0.44166666666666665;0.37778979166666665;0.2844645833333333
clssm_mcrp;current;0.975;0.9;0.975;0.9500000000000001;0.822720625;0.6282225
clssm_mcrp;current;0.975;1;1;0.9916666666666667;0.8590654166666667;0.6561979166666667
clssm_mcrp;current;0.975;1;1;0.9916666666666667;0.8590654166666667;0.6561979166666667
clssm_mcrp;current;0.975;1;1;0.9916666666666667;0.8590654166666667;0.6561979166666667
clssm_mcrp;current;0.975;1;0.95;0.975;0.8450291666666666;0.64581875
clssm_mcrp;current;0.975;1;0.75;0.9083333333333333;0.7888841666666666;0.6043020833333334
clssm_mcrp;current;0.975;1;0.95;0.975;0.8450291666666666;0.64581875
clssm_mcrp;current;0.925;0.625;0.525;0.6916666666666668;0.601126875;0.4608281250000001
clssm_mcrp;current;0.925;0.65;0.35;0.6416666666666667;0.5593316666666667;0.43019750000000007
clssm_mcrp;current;0.375;0.05;0.025;0.15;0.13132520833333333;0.10148875
clssm_mcrp;current;0.575;0.15;0.025;0.25;0.21912854166666665;0.16955791666666664
clssm_mcrp;current;0.725;0.575;0.05;0.44999999999999996;0.3946425;0.3055497916666667
clssm_mcrp;current;0;0;0;0;0;0
clssm_mcrp;current;0;0;0;0;0;0
clssm_mcrp;current;0.175;0.025;0.25;0.15;0.12868;0.09721520833333334
clssm_mcrp;current;0.1;0.325;0.375;0.26666666666666666;0.22982187499999998;0.17453937500000002
clssm_mcrp;current;0.675;0.05;0.65;0.4583333333333333;0.39449333333333336;0.2991533333333333
clssm_mcrp;current;0.425;0;0.325;0.25;0.21549854166666668;0.16369166666666668
clssm_mcrp;current;0.275;0;0.275;0.18333333333333335;0.15760479166666666;0.11935000000000001
clssm_mcrp;current;0.1;0;0;0.03333333333333333;0.029238333333333335;0.022641666666666668
clssm_mcrp;current;0;0;0;0;0;0
clssm_mcrp;current;0;0;0.025;0.008333333333333333;0.007018125;0.005189583333333333
clssm_mcrp;current;0.875;0.775;1;0.8833333333333333;0.7638420833333334;0.5822881249999999
clssm_mcrp;current;0.95;0.975;1;0.975;0.8444241666666668;0.6448410416666667
clssm_mcrp;current;0.975;1;1;0.9916666666666667;0.8590654166666667;0.6561979166666667
clssm_mcrp;current;0.9;0.675;0.975;0.8500000000000001;0.734806875;0.5599731250000001
clssm_mcrp;current;0.975;1;1;0.9916666666666667;0.8590654166666667;0.6561979166666667
clssm_mcrp;current;0.975;0.9;1;0.9583333333333334;0.8297387500000001;0.6334120833333333
clssm_mcrp;current;0.8;0.125;0.95;0.625;0.53725375;0.40681979166666665
clssm_mcrp;current;0.975;0.95;1;0.975;0.8444020833333333;0.644805
clssm_mcrp;current;0.975;1;0.975;0.9833333333333334;0.8520472916666666;0.6510083333333333
clssm_mcrp;current;0.975;1;0.925;0.9666666666666668;0.8380110416666667;0.6406291666666667
clssm_mcrp;current;0.275;0.025;0.3;0.20000000000000004;0.17195458333333336;0.13023604166666666
clssm_mcrp;current;0.825;0.475;0.275;0.5249999999999999;0.4577172916666667;0.352111875
clssm_mcrp;current;0.85;0.4;0.175;0.47500000000000003;0.414959375;0.31992458333333335
clssm_mcrp;current;0.75;0.25;0.275;0.425;0.3698035416666667;0.2838625
clssm_mcrp;current;0.975;1;0.8;0.9250000000000002;0.8029204166666667;0.61468125
clssm_mcrp;current;0.625;0.125;0.05;0.26666666666666666;0.2334341666666667;0.18037187500000004
clssm_mcrp;current;0.475;0.025;0.025;0.17500000000000002;0.153231875;0.11843395833333335
clssm_mcrp;current;0.3;0;0;0.09999999999999999;0.08771499999999999;0.067925
clssm_mcrp;current;0.05;0;0;0.016666666666666666;0.014619166666666667;0.011320833333333334
clssm_mcrp;current;0.675;0.475;0.05;0.39999999999999997;0.35069666666666666;0.271443125
clssm_mcrp;current;0;0;0;0;0;0
clssm_mcrp;current;0.025;0;0.025;0.016666666666666666;0.014327708333333333;0.01085
clssm_mcrp;current;0.375;0.2;0.325;0.3;0.25953270833333336;0.19794250000000002
clssm_mcrp;current;0.075;0.025;0.425;0.17500000000000002;0.14856854166666666;0.11090062500000002
clssm_mcrp;current;0.125;0;0.3;0.14166666666666666;0.12076541666666667;0.09057708333333332
clssm_mcrp;current;0.125;0;0.3;0.14166666666666666;0.12076541666666667;0.09057708333333332
clssm_mcrp;current;0;0;0;0;0;0
clssm_mcrp;current;0.025;0.05;0.85;0.30833333333333335;0.2605891666666667;0.19349916666666667
clssm_mcrp;current;0.825;0.625;0.975;0.8083333333333332;0.6982147916666666;0.5315989583333334
clssm_mcrp;current;0.275;0.025;0.825;0.375;0.31933520833333334;0.2392172916666667
clssm_mcrp;current;0.825;0.675;0.95;0.8166666666666668;0.70586;0.5378022916666666
clssm_mcrp;current;0.95;0.875;0.975;0.9333333333333332;0.808079375;0.616865625
clssm_mcrp;current;0.975;0.875;0.975;0.9416666666666668;0.8153889583333332;0.6225260416666667
clssm_mcrp;current;0.95;0.925;0.975;0.9500000000000001;0.8227427083333333;0.6282585416666667
clssm_mcrp;current;0.925;0.625;0.725;0.7583333333333333;0.6572718750000001;0.5023447916666667
clssm_mcrp;current;0.975;0.875;0.7;0.85;0.7381895833333333;0.565440625
clssm_mcrp;current;0.975;1;0.95;0.975;0.8450291666666666;0.64581875
clssm_mcrp;current;0;0;0.175;0.05833333333333333;0.049126874999999993;0.036327083333333336
clssm_mcrp;current;0;0;0;0;0;0
clssm_mcrp;current;0.3;0;0.025;0.10833333333333334;0.09473312499999999;0.07311458333333333
clssm_mcrp;current;0.95;0.975;0.75;0.8916666666666666;0.7742429166666667;0.5929452083333334
clssm_mcrp;current;0.975;1;0.65;0.875;0.7608116666666667;0.58354375
clssm_mcrp;current;0.975;0.8;0.275;0.6833333333333332;0.5968864583333334;0.4601283333333334
clssm_mcrp;current;0.075;0;0;0.024999999999999998;0.021928749999999997;0.01698125
clssm_mcrp;current;0;0;0;0;0;0
clssm_mcrp;current;0.3;0;0.025;0.10833333333333334;0.09473312499999999;0.07311458333333333
clssm_mcrp;current;0.025;0;0;0.008333333333333333;0.007309583333333334;0.005660416666666667
clssm_mcrp;current;0;0;0;0;0;0
clssm_mcrp;current;0.05;0;0;0.016666666666666666;0.014619166666666667;0.011320833333333334
clssm_mcrp;current;0.125;0.025;0.075;0.075;0.06493395833333333;0.04956729166666667
clssm_mcrp;current;0.125;0;0.35;0.15833333333333333;0.13480166666666665;0.10095625000000001
clssm_mcrp;current;0;0;0;0;0;0
clssm_mcrp;current;0;0;0.025;0.008333333333333333;0.007018125;0.005189583333333333
clssm_mcrp;current;0.35;0.2;0.725;0.425;0.364513125;0.27531541666666665
clssm_mcrp;current;0.65;0.4;0.975;0.6749999999999999;0.5810627083333334;0.4407079166666667
clssm_mcrp;current;0.85;0.625;0.975;0.8166666666666668;0.705524375;0.537259375
clssm_mcrp;current;0;0;0.125;0.041666666666666664;0.035090625;0.025947916666666668
clssm_mcrp;current;0.1;0.025;0.325;0.15;0.127805625;0.09580270833333333
clssm_mcrp;current;0.6;0.375;0.375;0.45;0.390676875;0.299140625
clssm_mcrp;current;0.35;0.125;0.025;0.16666666666666666;0.14601062499999998;0.11291770833333332
clssm_mcrp;current;0.975;0.925;0.625;0.8416666666666667;0.7317985416666666;0.5612647916666667
clssm_mcrp;current;0.85;0.6;0.25;0.5666666666666667;0.49466708333333337;0.381065
clssm_mcrp;current;0.15;0;0.7;0.2833333333333333;0.24036499999999997;0.17927083333333335
clssm_mcrp;current;0;0;0;0;0;0
clssm_mcrp;current;0.225;0;0.025;0.08333333333333333;0.07280437499999999;0.056133333333333334
clssm_mcrp;current;0.075;0;0;0.024999999999999998;0.021928749999999997;0.01698125
clssm_mcrp;current;0.975;1;0.8;0.9250000000000002;0.8029204166666667;0.61468125
clssm_mcrp;current;0;0;0;0;0;0
clssm_mcrp;current;0;0;0;0;0;0
clssm_mcrp;current;0;0;0;0;0;0
clssm_mcrp;current;0;0;0;0;0;0
clssm_mcrp;current;0;0;0;0;0;0
clssm_mcrp;current;0;0;0;0;0;0
clssm_mcrp;current;0;0;0;0;0;0
clssm_mcrp;current;0.575;0.45;0.225;0.4166666666666667;0.3632535416666667;0.2794320833333333
clssm_mcrp;current;0.95;0.775;0.575;0.7666666666666666;0.6664627083333333;0.5110464583333333
clssm_mcrp;current;0.625;0.425;0.075;0.375;0.32843229166666665;0.25391895833333333
clssm_mcrp;current;0.325;0.1;0.1;0.17500000000000002;0.15242375;0.11712958333333334
clssm_mcrp;current;0;0;0;0;0;0
clssm_mcrp;current;0.875;0.75;0.625;0.75;0.6512385416666666;0.4987479166666667
clssm_mcrp;current;0.975;0.875;0.55;0.8000000000000002;0.6960808333333334;0.534303125
clssm_mcrp;current;0.975;1;0.6;0.8583333333333334;0.7467754166666666;0.5731645833333333
clssm_mcrp;current;0.925;0.725;0.3;0.65;0.5672904166666667;0.4369077083333334
clssm_mcrp;current;0.3;0.025;0.25;0.19166666666666665;0.16522791666666667;0.12551729166666667
clssm_mcrp;current;0.3;0;0.25;0.18333333333333335;0.15789625;0.11982083333333333
clssm_mcrp;current;0.975;0.875;0.65;0.8333333333333334;0.7241533333333333;0.5550614583333334
clssm_mcrp;current;0.975;1;0.975;0.9833333333333334;0.8520472916666666;0.6510083333333333
clssm_mcrp;current;0.975;1;0.7;0.8916666666666666;0.7748479166666667;0.5939229166666666
clssm_mcrp;current;0;0;0;0;0;0
clssm_mcrp;current;0;0;0;0;0;0
clssm_mcrp;current;0;0;0;0;0;0
clssm_mcrp;current;0;0;0;0;0;0
clssm_mcrp;current;0.275;0;0.275;0.18333333333333335;0.15760479166666666;0.11935000000000001
clssm_mcrp;current;0.55;0.025;0.575;0.3833333333333333;0.32955937500000004;0.24958604166666665
clssm_mcrp;current;0;0;0;0;0;0
clssm_mcrp;current;0;0;0.15;0.049999999999999996;0.04210875;0.0311375
